True entropies,Estimated entropies
4.122593110150315,5.6471996
4.1279715810766335,5.584473
4.119053352953092,5.501111
4.111223118573989,5.4235163
4.090030600632911,5.3568764
4.113567041785656,5.3729963
4.110330474974225,5.3156037
4.104077870785208,5.289496
4.112410317912975,5.260321
4.10727268532856,5.2648554
4.122593110150315,5.2778406
4.1279715810766335,5.2450867
4.119053352953092,5.193017
4.111223118573989,5.144097
4.090030600632911,5.102143
4.113567041785656,5.139669
4.110330474974225,5.1029963
4.104077870785208,5.090657
4.112410317912975,5.0840445
4.10727268532856,5.102234
4.122593110150315,5.1263294
4.1279715810766335,5.1052065
4.119053352953092,5.062703
4.111223118573989,5.025698
4.090030600632911,4.9937334
4.113567041785656,5.0362782
4.110330474974225,5.0073147
4.104077870785208,4.9985113
4.112410317912975,4.998656
4.10727268532856,5.0193586
4.122593110150315,5.0451775
4.1279715810766335,5.0266767
4.119053352953092,4.9854827
4.111223118573989,4.95165
4.090030600632911,4.9217086
4.113567041785656,4.9627366
4.110330474974225,4.9351077
4.104077870785208,4.925888
4.112410317912975,4.926569
4.10727268532856,4.9453874
4.122593110150315,4.969639
4.1279715810766335,4.9509363
4.119053352953092,4.9097557
4.111223118573989,4.8764086
4.090030600632911,4.845634
4.113567041785656,4.8838873
4.110330474974225,4.8557634
4.104077870785208,4.845002
4.112410317912975,4.8442783
4.10727268532856,4.8590817
4.122593110150315,4.8807116
4.1279715810766335,4.8617554
4.119053352953092,4.819911
4.111223118573989,4.786725
4.090030600632911,4.753751
4.113567041785656,4.7892833
4.110330474974225,4.7616954
4.104077870785208,4.7495494
4.112410317912975,4.7483726
4.10727268532856,4.758297
4.122593110150315,4.7799225
4.1279715810766335,4.7653637
4.119053352953092,4.7239594
4.111223118573989,4.694926
4.090030600632911,4.6608543
4.113567041785656,4.697523
4.110330474974225,4.6761384
4.104077870785208,4.6647415
4.112410317912975,4.6685696
4.10727268532856,4.6761193
4.122593110150315,4.702601
4.1279715810766335,4.697179
4.119053352953092,4.658166
4.111223118573989,4.6329827
4.090030600632911,4.6009183
4.113567041785656,4.641787
4.110330474974225,4.626386
4.104077870785208,4.615551
4.112410317912975,4.6245837
4.10727268532856,4.633298
4.122593110150315,4.6599674
4.1279715810766335,4.6562705
4.119053352953092,4.6186247
4.111223118573989,4.594714
4.090030600632911,4.5643897
4.113567041785656,4.604858
4.110330474974225,4.5892735
4.104077870785208,4.5779915
4.112410317912975,4.588379
4.10727268532856,4.597396
4.122593110150315,4.6230845
4.1279715810766335,4.618852
4.119053352953092,4.5817904
4.111223118573989,4.5601683
4.090030600632911,4.53105
4.113567041785656,4.56995
4.110330474974225,4.5562305
4.104077870785208,4.546213
4.112410317912975,4.554483
4.10727268532856,4.563592
4.122593110150315,4.5904694
4.1279715810766335,4.5868416
4.119053352953092,4.5510125
4.111223118573989,4.5308228
4.090030600632911,4.502978
4.113567041785656,4.5407095
4.110330474974225,4.5278964
4.104077870785208,4.518325
4.112410317912975,4.5256586
4.10727268532856,4.535296
4.122593110150315,4.5615373
4.1279715810766335,4.557524
4.119053352953092,4.5230846
4.111223118573989,4.5037713
4.090030600632911,4.476429
4.113567041785656,4.5136504
4.110330474974225,4.501482
4.104077870785208,4.491964
4.112410317912975,4.4996123
4.10727268532856,4.508369
4.122593110150315,4.534444
4.1279715810766335,4.5310245
4.119053352953092,4.4976482
4.111223118573989,4.4788775
4.090030600632911,4.4516063
4.113567041785656,4.488443
4.110330474974225,4.476829
4.104077870785208,4.467295
4.112410317912975,4.475501
4.10727268532856,4.4836593
4.122593110150315,4.509302
4.1279715810766335,4.505931
4.119053352953092,4.4738455
4.111223118573989,4.455685
4.090030600632911,4.4288154
4.113567041785656,4.4651117
4.110330474974225,4.4538264
4.104077870785208,4.444511
4.112410317912975,4.452832
4.10727268532856,4.46045
4.122593110150315,4.4857802
4.1279715810766335,4.482587
4.119053352953092,4.451702
4.111223118573989,4.434083
4.090030600632911,4.407507
4.113567041785656,4.443237
4.110330474974225,4.43251
4.104077870785208,4.42344
4.112410317912975,4.431667
4.10727268532856,4.4387755
4.122593110150315,4.4638414
4.1279715810766335,4.460787
4.119053352953092,4.431014
4.111223118573989,4.4138803
4.090030600632911,4.3876038
4.113567041785656,4.4228954
4.110330474974225,4.4125357
4.104077870785208,4.403627
4.112410317912975,4.411994
4.10727268532856,4.4186025
4.122593110150315,4.443367
4.1279715810766335,4.440487
4.119053352953092,4.4117465
4.111223118573989,4.3950377
4.090030600632911,4.3690114
4.113567041785656,4.4038496
4.110330474974225,4.3939037
4.104077870785208,4.385097
4.112410317912975,4.393627
4.10727268532856,4.399715
4.122593110150315,4.424228
4.1279715810766335,4.421515
4.119053352953092,4.3937173
4.111223118573989,4.377442
4.090030600632911,4.3516517
4.113567041785656,4.3860774
4.110330474974225,4.376482
4.104077870785208,4.3677983
4.112410317912975,4.3764296
4.10727268532856,4.38207
4.122593110150315,4.406325
4.1279715810766335,4.4037743
4.119053352953092,4.3768883
4.111223118573989,4.3609853
4.090030600632911,4.335423
4.113567041785656,4.3694444
4.110330474974225,4.3602242
4.104077870785208,4.351659
4.112410317912975,4.3603354
4.10727268532856,4.3655524
4.122593110150315,4.389571
4.1279715810766335,4.387175
4.119053352953092,4.361154
4.111223118573989,4.3456006
4.090030600632911,4.3202586
4.113567041785656,4.353897
4.110330474974225,4.345
4.104077870785208,4.336542
4.112410317912975,4.345287
4.10727268532856,4.3500943
4.122593110150315,4.373878
4.1279715810766335,4.37166
4.119053352953092,4.346452
4.111223118573989,4.3312125
4.090030600632911,4.306066
4.113567041785656,4.3393435
4.110330474974225,4.3307595
4.104077870785208,4.3223953
4.112410317912975,4.331198
4.10727268532856,4.3356133
4.122593110150315,4.359174
4.1279715810766335,4.3571315
4.119053352953092,4.3327
4.111223118573989,4.317751
4.090030600632911,4.292775
4.113567041785656,4.325722
4.110330474974225,4.3174253
4.104077870785208,4.309158
4.112410317912975,4.3180056
4.10727268532856,4.3220525
4.122593110150315,4.3453975
4.1279715810766335,4.3435354
4.119053352953092,4.3198304
4.111223118573989,4.305164
4.090030600632911,4.2803516
4.113567041785656,4.312975
4.110330474974225,4.3049397
4.104077870785208,4.2967687
4.112410317912975,4.305652
4.10727268532856,4.30936
4.122593110150315,4.3324833
4.1279715810766335,4.3308053
4.119053352953092,4.3077793
4.111223118573989,4.29338
4.090030600632911,4.2687335
4.113567041785656,4.3010383
4.110330474974225,4.2932425
4.104077870785208,4.2851677
4.112410317912975,4.2940836
4.10727268532856,4.2974663
4.122593110150315,4.3203683
4.1279715810766335,4.318886
4.119053352953092,4.2964983
4.111223118573989,4.2823443
4.090030600632911,4.2578545
4.113567041785656,4.2898507
4.110330474974225,4.282289
4.104077870785208,4.274303
4.112410317912975,4.2832375
4.10727268532856,4.2863164
4.122593110150315,4.3089986
4.1279715810766335,4.3077173
4.119053352953092,4.28593
4.111223118573989,4.2720065
4.090030600632911,4.2476616
4.113567041785656,4.2793636
4.110330474974225,4.272023
4.104077870785208,4.2641273
4.112410317912975,4.2730665
4.10727268532856,4.2758584
4.122593110150315,4.2983227
4.1279715810766335,4.2972445
4.119053352953092,4.2760267
4.111223118573989,4.262316
4.090030600632911,4.2381134
4.113567041785656,4.2695317
4.110330474974225,4.2623944
4.104077870785208,4.2545834
4.112410317912975,4.2635283
4.10727268532856,4.266047
4.122593110150315,4.288299
4.1279715810766335,4.287423
4.119053352953092,4.266743
4.111223118573989,4.2532334
4.090030600632911,4.229164
4.113567041785656,4.2603087
4.110330474974225,4.2533627
4.104077870785208,4.2456365
4.112410317912975,4.2545805
4.10727268532856,4.2568407
4.122593110150315,4.2788825
4.1279715810766335,4.2782054
4.119053352953092,4.2580366
4.111223118573989,4.2447176
4.090030600632911,4.2207756
4.113567041785656,4.2516537
4.110330474974225,4.244889
4.104077870785208,4.237242
4.112410317912975,4.2461843
4.10727268532856,4.248196
4.122593110150315,4.2700357
4.1279715810766335,4.269554
4.119053352953092,4.249868
4.111223118573989,4.23673
4.090030600632911,4.212911
4.113567041785656,4.24353
4.110330474974225,4.236934
4.104077870785208,4.2293673
4.112410317912975,4.238303
4.10727268532856,4.2400794
4.122593110150315,4.2617226
4.1279715810766335,4.2614317
4.119053352953092,4.242203
4.111223118573989,4.229239
4.090030600632911,4.2055354
4.113567041785656,4.235901
4.110330474974225,4.2294674
4.104077870785208,4.2219744
4.112410317912975,4.2309036
4.10727268532856,4.2324553
4.122593110150315,4.2539067
4.1279715810766335,4.253801
4.119053352953092,4.2350025
4.111223118573989,4.222208
4.090030600632911,4.19862
4.113567041785656,4.228742
4.110330474974225,4.2224493
4.104077870785208,4.215032
4.112410317912975,4.223958
4.10727268532856,4.2252975
4.122593110150315,4.246556
4.1279715810766335,4.2466297
4.119053352953092,4.228242
4.111223118573989,4.2156096
4.090030600632911,4.1921268
4.113567041785656,4.2220125
4.110330474974225,4.2158647
4.104077870785208,4.208517
4.112410317912975,4.217432
4.10727268532856,4.21856
4.122593110150315,4.239637
4.1279715810766335,4.239889
4.119053352953092,4.221889
4.111223118573989,4.2094116
4.090030600632911,4.1860313
4.113567041785656,4.215691
4.110330474974225,4.2096767
4.104077870785208,4.202396
4.112410317912975,4.2113
4.10727268532856,4.212222
4.122593110150315,4.233126
4.1279715810766335,4.233553
4.119053352953092,4.215918
4.111223118573989,4.2035923
4.090030600632911,4.180303
4.113567041785656,4.2097507
4.110330474974225,4.2038584
4.104077870785208,4.196639
4.112410317912975,4.205536
4.10727268532856,4.206271
4.122593110150315,4.2270017
4.1279715810766335,4.2275853
4.119053352953092,4.210301
4.111223118573989,4.198121
4.090030600632911,4.174911
4.113567041785656,4.2041655
4.110330474974225,4.1983867
4.104077870785208,4.191226
4.112410317912975,4.200106
4.10727268532856,4.200671
4.122593110150315,4.2212343
4.1279715810766335,4.2219744
4.119053352953092,4.2050195
4.111223118573989,4.1929755
4.090030600632911,4.169846
4.113567041785656,4.1989174
4.110330474974225,4.1932287
4.104077870785208,4.1861377
4.112410317912975,4.195003
4.10727268532856,4.195401
4.122593110150315,4.215802
4.1279715810766335,4.2166977
4.119053352953092,4.2000623
4.111223118573989,4.1881447
4.090030600632911,4.1650944
4.113567041785656,4.1939807
4.110330474974225,4.188382
4.104077870785208,4.1813517
4.112410317912975,4.190217
4.10727268532856,4.190446
4.122593110150315,4.2106786
4.1279715810766335,4.2117243
4.119053352953092,4.1953955
4.111223118573989,4.1836
4.090030600632911,4.160636
4.113567041785656,4.189321
4.110330474974225,4.183836
4.104077870785208,4.1768584
4.112410317912975,4.1857142
4.10727268532856,4.1857705
4.122593110150315,4.205846
4.1279715810766335,4.2070456
4.119053352953092,4.1909966
4.111223118573989,4.1793303
4.090030600632911,4.156447
4.113567041785656,4.1849375
4.110330474974225,4.1795564
4.104077870785208,4.1726327
4.112410317912975,4.1814704
4.10727268532856,4.1813736
4.122593110150315,4.2012954
4.1279715810766335,4.2026386
4.119053352953092,4.1868515
4.111223118573989,4.175315
4.090030600632911,4.1525054
4.113567041785656,4.1808133
4.110330474974225,4.175527
4.104077870785208,4.168653
4.112410317912975,4.177474
4.10727268532856,4.1772323
4.122593110150315,4.1970053
4.1279715810766335,4.1984844
4.119053352953092,4.1829495
4.111223118573989,4.171535
4.090030600632911,4.1487985
4.113567041785656,4.1769314
4.110330474974225,4.171733
4.104077870785208,4.164908
4.112410317912975,4.1737146
4.10727268532856,4.17333
4.122593110150315,4.192958
4.1279715810766335,4.1945705
4.119053352953092,4.1792765
4.111223118573989,4.1679783
4.090030600632911,4.1453123
4.113567041785656,4.173276
4.110330474974225,4.1681614
4.104077870785208,4.1613817
4.112410317912975,4.1701727
4.10727268532856,4.169653
4.122593110150315,4.18914
4.1279715810766335,4.1908813
4.119053352953092,4.175819
4.111223118573989,4.164632
4.090030600632911,4.142031
4.113567041785656,4.1698303
4.110330474974225,4.164801
4.104077870785208,4.1580615
4.112410317912975,4.166836
4.10727268532856,4.1661854
4.122593110150315,4.1855373
4.1279715810766335,4.1874013
4.119053352953092,4.1725593
4.111223118573989,4.1614795
4.090030600632911,4.1389446
4.113567041785656,4.166586
4.110330474974225,4.161637
4.104077870785208,4.1549363
4.112410317912975,4.163692
4.10727268532856,4.162916
4.122593110150315,4.1821384
4.1279715810766335,4.18412
4.119053352953092,4.1694903
4.111223118573989,4.158513
4.090030600632911,4.1360397
4.113567041785656,4.1635275
4.110330474974225,4.158657
4.104077870785208,4.1519938
4.112410317912975,4.1607323
4.10727268532856,4.159835
4.122593110150315,4.17893
4.1279715810766335,4.1810236
4.119053352953092,4.166596
4.111223118573989,4.155718
4.090030600632911,4.133307
4.113567041785656,4.160647
4.110330474974225,4.1558485
4.104077870785208,4.1492205
4.112410317912975,4.1579423
4.10727268532856,4.1569266
4.122593110150315,4.1759005
4.1279715810766335,4.1781044
4.119053352953092,4.1638713
4.111223118573989,4.153087
4.090030600632911,4.130733
4.113567041785656,4.157932
4.110330474974225,4.1532025
4.104077870785208,4.1466064
4.112410317912975,4.155315
4.10727268532856,4.1541853
4.122593110150315,4.173039
4.1279715810766335,4.175348
4.119053352953092,4.1613026
4.111223118573989,4.150609
4.090030600632911,4.12831
4.113567041785656,4.1553717
4.110330474974225,4.150712
4.104077870785208,4.1441455
4.112410317912975,4.1528378
4.10727268532856,4.1515975
4.122593110150315,4.1703362
4.1279715810766335,4.172746
4.119053352953092,4.1588798
4.111223118573989,4.1482744
4.090030600632911,4.1260314
4.113567041785656,4.1529584
4.110330474974225,4.148365
4.104077870785208,4.1418266
4.112410317912975,4.1505027
4.10727268532856,4.149156
4.122593110150315,4.167784
4.1279715810766335,4.1702924
4.119053352953092,4.156596
4.111223118573989,4.1460757
4.090030600632911,4.123884
4.113567041785656,4.1506834
4.110330474974225,4.146151
4.104077870785208,4.139641
4.112410317912975,4.148303
4.10727268532856,4.146853
4.122593110150315,4.1653724
4.1279715810766335,4.1679754
4.119053352953092,4.1544414
4.111223118573989,4.144005
4.090030600632911,4.121864
4.113567041785656,4.148538
4.110330474974225,4.144064
4.104077870785208,4.1375813
4.112410317912975,4.1462307
4.10727268532856,4.144678
4.122593110150315,4.163092
4.1279715810766335,4.165787
4.119053352953092,4.1524096
4.111223118573989,4.142053
4.090030600632911,4.1199627
4.113567041785656,4.1465125
4.110330474974225,4.1420984
4.104077870785208,4.1356397
4.112410317912975,4.1442757
4.10727268532856,4.1426244
4.122593110150315,4.1609373
4.1279715810766335,4.1637225
4.119053352953092,4.1504908
4.111223118573989,4.1402154
4.090030600632911,4.1181703
4.113567041785656,4.1446013
4.110330474974225,4.1402454
4.104077870785208,4.133812
4.112410317912975,4.1424327
4.10727268532856,4.140685
4.122593110150315,4.1589
4.1279715810766335,4.1617727
4.119053352953092,4.1486793
4.111223118573989,4.138486
4.090030600632911,4.1164823
4.113567041785656,4.1427965
4.110330474974225,4.138499
4.104077870785208,4.132088
4.112410317912975,4.1406927
4.10727268532856,4.138854
4.122593110150315,4.1569734
4.1279715810766335,4.1599298
4.119053352953092,4.146972
4.111223118573989,4.1368546
4.090030600632911,4.1148944
4.113567041785656,4.1410956
4.110330474974225,4.1368513
4.104077870785208,4.130463
4.112410317912975,4.139053
4.10727268532856,4.137126
4.122593110150315,4.1551533
4.1279715810766335,4.1581907
4.119053352953092,4.145364
4.111223118573989,4.135318
4.090030600632911,4.1134
4.113567041785656,4.1394897
4.110330474974225,4.135298
4.104077870785208,4.1289296
4.112410317912975,4.137506
4.10727268532856,4.1354933
4.122593110150315,4.1534324
4.1279715810766335,4.156547
4.119053352953092,4.1438456
4.111223118573989,4.1338687
4.090030600632911,4.111993
4.113567041785656,4.137976
4.110330474974225,4.133833
4.104077870785208,4.1274853
4.112410317912975,4.1360474
4.10727268532856,4.13395
4.122593110150315,4.151804
4.1279715810766335,4.154995
4.119053352953092,4.1424136
4.111223118573989,4.1325035
4.090030600632911,4.110668
4.113567041785656,4.136548
4.110330474974225,4.1324525
4.104077870785208,4.1261225
4.112410317912975,4.1346717
4.10727268532856,4.1324916
4.122593110150315,4.150264
4.1279715810766335,4.1535287
4.119053352953092,4.1410637
4.111223118573989,4.1312175
4.090030600632911,4.1094213
4.113567041785656,4.135201
4.110330474974225,4.1311517
4.104077870785208,4.124837
4.112410317912975,4.133374
4.10727268532856,4.1311154
4.122593110150315,4.1488075
4.1279715810766335,4.152143
4.119053352953092,4.139788
4.111223118573989,4.1300063
4.090030600632911,4.108247
4.113567041785656,4.1339297
4.110330474974225,4.129925
4.104077870785208,4.1236258
4.112410317912975,4.132149
4.10727268532856,4.1298156
4.122593110150315,4.1474295
4.1279715810766335,4.1508336
4.119053352953092,4.1385875
4.111223118573989,4.128865
4.090030600632911,4.107141
4.113567041785656,4.13273
4.110330474974225,4.1287694
4.104077870785208,4.1224837
4.112410317912975,4.130994
4.10727268532856,4.1285877
4.122593110150315,4.1461263
4.1279715810766335,4.149596
4.119053352953092,4.1374545
4.111223118573989,4.127789
4.090030600632911,4.1060987
4.113567041785656,4.1315985
4.110330474974225,4.1276793
4.104077870785208,4.121407
4.112410317912975,4.129905
4.10727268532856,4.1274266
4.122593110150315,4.144892
4.1279715810766335,4.1484256
4.119053352953092,4.136387
4.111223118573989,4.1267757
4.090030600632911,4.1051183
4.113567041785656,4.130531
4.110330474974225,4.1266494
4.104077870785208,4.120392
4.112410317912975,4.1288795
4.10727268532856,4.1263304
4.122593110150315,4.143724
4.1279715810766335,4.1473203
4.119053352953092,4.1353793
4.111223118573989,4.1258206
4.090030600632911,4.104196
4.113567041785656,4.129523
4.110330474974225,4.1256785
4.104077870785208,4.119435
4.112410317912975,4.1279135
4.10727268532856,4.1252947
4.122593110150315,4.1426187
4.1279715810766335,4.146276
4.119053352953092,4.1344295
4.111223118573989,4.1249213
4.090030600632911,4.1033273
4.113567041785656,4.128572
4.110330474974225,4.1247625
4.104077870785208,4.1185327
4.112410317912975,4.1270027
4.10727268532856,4.124318
4.122593110150315,4.1415725
4.1279715810766335,4.1452866
4.119053352953092,4.133531
4.111223118573989,4.1240735
4.090030600632911,4.102511
4.113567041785656,4.1276755
4.110330474974225,4.123899
4.104077870785208,4.117683
4.112410317912975,4.126142
4.10727268532856,4.123392
4.122593110150315,4.140583
4.1279715810766335,4.1443553
4.119053352953092,4.1326876
4.111223118573989,4.1232767
4.090030600632911,4.10174
4.113567041785656,4.126828
4.110330474974225,4.1230874
4.104077870785208,4.116882
4.112410317912975,4.1253304
4.10727268532856,4.1225195
4.122593110150315,4.139646
4.1279715810766335,4.1434717
4.119053352953092,4.1318903
4.111223118573989,4.1225257
4.090030600632911,4.101017
4.113567041785656,4.1260276
4.110330474974225,4.122322
4.104077870785208,4.116127
4.112410317912975,4.1245656
4.10727268532856,4.1216955
4.122593110150315,4.1387615
4.1279715810766335,4.142637
4.119053352953092,4.131135
4.111223118573989,4.121818
4.090030600632911,4.10034
4.113567041785656,4.1252747
4.110330474974225,4.121599
4.104077870785208,4.1154165
4.112410317912975,4.123843
4.10727268532856,4.1209154
4.122593110150315,4.137923
4.1279715810766335,4.141851
4.119053352953092,4.1304264
4.111223118573989,4.121154
4.090030600632911,4.099699
4.113567041785656,4.1245627
4.110330474974225,4.120918
4.104077870785208,4.114747
4.112410317912975,4.123162
4.10727268532856,4.120181
4.122593110150315,4.1371284
4.1279715810766335,4.141104
4.119053352953092,4.1297565
4.111223118573989,4.120528
4.090030600632911,4.0990963
4.113567041785656,4.123891
4.110330474974225,4.120277
4.104077870785208,4.114117
4.112410317912975,4.1225195
4.10727268532856,4.1194844
4.122593110150315,4.1363754
4.1279715810766335,4.1403985
4.119053352953092,4.1291256
4.111223118573989,4.119939
4.090030600632911,4.0985293
4.113567041785656,4.1232576
4.110330474974225,4.119672
4.104077870785208,4.113522
4.112410317912975,4.1219144
4.10727268532856,4.118827
4.122593110150315,4.135664
4.1279715810766335,4.1397314
4.119053352953092,4.128532
4.111223118573989,4.119384
4.090030600632911,4.0979958
4.113567041785656,4.12266
4.110330474974225,4.119101
4.104077870785208,4.1129603
4.112410317912975,4.1213446
4.10727268532856,4.1182055
4.122593110150315,4.1349893
4.1279715810766335,4.1391
4.119053352953092,4.1279726
4.111223118573989,4.1188626
4.090030600632911,4.0974946
4.113567041785656,4.1220965
4.110330474974225,4.1185646
4.104077870785208,4.112432
4.112410317912975,4.1208076
4.10727268532856,4.1176195
4.122593110150315,4.134351
4.1279715810766335,4.138504
4.119053352953092,4.1274447
4.111223118573989,4.1183724
4.090030600632911,4.097023
4.113567041785656,4.121564
4.110330474974225,4.118059
4.104077870785208,4.111936
4.112410317912975,4.1203012
4.10727268532856,4.1170654
4.122593110150315,4.133747
4.1279715810766335,4.1379414
4.119053352953092,4.126946
4.111223118573989,4.117911
4.090030600632911,4.0965805
4.113567041785656,4.121063
4.110330474974225,4.1175838
4.104077870785208,4.111469
4.112410317912975,4.1198244
4.10727268532856,4.1165404
4.122593110150315,4.1331744
4.1279715810766335,4.1374087
4.119053352953092,4.1264787
4.111223118573989,4.1174774
4.090030600632911,4.096164
4.113567041785656,4.120591
4.110330474974225,4.117135
4.104077870785208,4.1110277
4.112410317912975,4.119376
4.10727268532856,4.1160455
4.122593110150315,4.1326323
4.1279715810766335,4.136904
4.119053352953092,4.126038
4.111223118573989,4.117069
4.090030600632911,4.0957747
4.113567041785656,4.1201463
4.110330474974225,4.116713
4.104077870785208,4.1106124
4.112410317912975,4.1189547
4.10727268532856,4.1155767
4.122593110150315,4.13212
4.1279715810766335,4.136428
4.119053352953092,4.1256227
4.111223118573989,4.1166844
4.090030600632911,4.0954084
4.113567041785656,4.119727
4.110330474974225,4.116316
4.104077870785208,4.110221
4.112410317912975,4.118558
4.10727268532856,4.1151342
4.122593110150315,4.131635
4.1279715810766335,4.135978
4.119053352953092,4.1252327
4.111223118573989,4.1163225
4.090030600632911,4.0950665
4.113567041785656,4.119332
4.110330474974225,4.115942
4.104077870785208,4.1098537
4.112410317912975,4.1181846
4.10727268532856,4.114718
4.122593110150315,4.131176
4.1279715810766335,4.135552
4.119053352953092,4.124865
4.111223118573989,4.1159835
4.090030600632911,4.0947437
4.113567041785656,4.11896
4.110330474974225,4.1155896
4.104077870785208,4.109508
4.112410317912975,4.117832
4.10727268532856,4.1143236
4.122593110150315,4.1307416
4.1279715810766335,4.13515
4.119053352953092,4.124518
4.111223118573989,4.115665
4.090030600632911,4.0944424
4.113567041785656,4.118609
4.110330474974225,4.115258
4.104077870785208,4.1091824
4.112410317912975,4.117501
4.10727268532856,4.113951
4.122593110150315,4.1303296
4.1279715810766335,4.1347704
4.119053352953092,4.124192
4.111223118573989,4.115366
4.090030600632911,4.094159
4.113567041785656,4.1182775
4.110330474974225,4.114947
4.104077870785208,4.1088767
4.112410317912975,4.117189
4.10727268532856,4.1136003
4.122593110150315,4.1299405
4.1279715810766335,4.1344104
4.119053352953092,4.123884
4.111223118573989,4.115085
4.090030600632911,4.093894
4.113567041785656,4.117966
4.110330474974225,4.114654
4.104077870785208,4.108589
4.112410317912975,4.116895
4.10727268532856,4.113268
4.122593110150315,4.129571
4.1279715810766335,4.134071
4.119053352953092,4.1235957
4.111223118573989,4.114822
4.090030600632911,4.093645
4.113567041785656,4.1176724
4.110330474974225,4.1143785
4.104077870785208,4.108319
4.112410317912975,4.1166196
4.10727268532856,4.1129556
4.122593110150315,4.129222
4.1279715810766335,4.1337495
4.119053352953092,4.1233225
4.111223118573989,4.1145744
4.090030600632911,4.093412
4.113567041785656,4.117397
4.110330474974225,4.1141195
4.104077870785208,4.1080647
4.112410317912975,4.1163597
4.10727268532856,4.1126595
4.122593110150315,4.1288905
4.1279715810766335,4.1334467
4.119053352953092,4.1230674
4.111223118573989,4.1143427
4.090030600632911,4.0931935
4.113567041785656,4.117136
4.110330474974225,4.1138763
4.104077870785208,4.1078258
4.112410317912975,4.1161165
4.10727268532856,4.1123815
4.122593110150315,4.128577
4.1279715810766335,4.13316
4.119053352953092,4.1228275
4.111223118573989,4.114125
4.090030600632911,4.092989
4.113567041785656,4.1168904
4.110330474974225,4.1136475
4.104077870785208,4.1076016
4.112410317912975,4.115886
4.10727268532856,4.112118
4.122593110150315,4.1282806
4.1279715810766335,4.1328893
4.119053352953092,4.1226006
4.111223118573989,4.113921
4.090030600632911,4.092799
4.113567041785656,4.11666
4.110330474974225,4.1134334
4.104077870785208,4.107391
4.112410317912975,4.115671
4.10727268532856,4.111869
4.122593110150315,4.1280007
4.1279715810766335,4.1326337
4.119053352953092,4.122388
4.111223118573989,4.1137295
4.090030600632911,4.0926204
4.113567041785656,4.116443
4.110330474974225,4.1132326
4.104077870785208,4.107194
4.112410317912975,4.115468
4.10727268532856,4.1116347
4.122593110150315,4.127735
4.1279715810766335,4.132392
4.119053352953092,4.122188
4.111223118573989,4.1135507
4.090030600632911,4.092453
4.113567041785656,4.116238
4.110330474974225,4.113044
4.104077870785208,4.1070085
4.112410317912975,4.1152782
4.10727268532856,4.1114135
4.122593110150315,4.1274834
4.1279715810766335,4.1321626
4.119053352953092,4.122
4.111223118573989,4.113383
4.090030600632911,4.092297
4.113567041785656,4.116046
4.110330474974225,4.1128664
4.104077870785208,4.1068344
4.112410317912975,4.1151
4.10727268532856,4.1112037
4.122593110150315,4.1272454
4.1279715810766335,4.1319475
4.119053352953092,4.121825
4.111223118573989,4.113226
4.090030600632911,4.0921507
4.113567041785656,4.1158648
4.110330474974225,4.1126995
4.104077870785208,4.1066713
4.112410317912975,4.114932
4.10727268532856,4.1110077
4.122593110150315,4.12702
4.1279715810766335,4.131744
4.119053352953092,4.121659
4.111223118573989,4.113079
4.090030600632911,4.0920157
4.113567041785656,4.1156945
4.110330474974225,4.112543
4.104077870785208,4.1065183
4.112410317912975,4.114775
4.10727268532856,4.1108227
4.122593110150315,4.1268063
4.1279715810766335,4.1315513
4.119053352953092,4.1215034
4.111223118573989,4.1129413
4.090030600632911,4.091889
4.113567041785656,4.115534
4.110330474974225,4.1123967
4.104077870785208,4.106375
4.112410317912975,4.1146283
4.10727268532856,4.1106477
4.122593110150315,4.126604
4.1279715810766335,4.1313696
4.119053352953092,4.121357
4.111223118573989,4.1128125
4.090030600632911,4.091771
4.113567041785656,4.1153836
4.110330474974225,4.1122584
4.104077870785208,4.1062407
4.112410317912975,4.1144905
4.10727268532856,4.110482
4.122593110150315,4.1264124
4.1279715810766335,4.1311984
4.119053352953092,4.12122
4.111223118573989,4.1126924
4.090030600632911,4.091662
4.113567041785656,4.115242
4.110330474974225,4.1121297
4.104077870785208,4.1061153
4.112410317912975,4.114361
4.10727268532856,4.110327
4.122593110150315,4.126231
4.1279715810766335,4.131037
4.119053352953092,4.121092
4.111223118573989,4.1125803
4.090030600632911,4.0915594
4.113567041785656,4.115108
4.110330474974225,4.11201
4.104077870785208,4.1059976
4.112410317912975,4.114239
4.10727268532856,4.110181
4.122593110150315,4.1260595
4.1279715810766335,4.1308837
4.119053352953092,4.1209693
4.111223118573989,4.112476
4.090030600632911,4.091465
4.113567041785656,4.1149836
4.110330474974225,4.1118965
4.104077870785208,4.1058884
4.112410317912975,4.114125
4.10727268532856,4.110041
3.5615843004746557,4.0230017
3.5670803972948217,3.9971976
3.5665413526242946,3.9409347
3.555110042450382,3.906384
3.578727380926535,3.9053733
3.562336302118487,3.8682883
3.570095287861057,3.8506546
3.5587747511334875,3.819486
3.551457677525306,3.784985
3.5686794878960058,3.7664475
3.5615843004746557,3.7249978
3.5670803972948217,3.705014
3.5665413526242946,3.6787255
3.555110042450382,3.6532946
3.578727380926535,3.6594708
3.562336302118487,3.6335921
3.570095287861057,3.629268
3.5587747511334875,3.607811
3.551457677525306,3.6002824
3.5686794878960058,3.6138864
3.5615843004746557,3.597578
3.5670803972948217,3.600985
3.5665413526242946,3.6003466
3.555110042450382,3.587586
3.578727380926535,3.6079628
3.562336302118487,3.5890374
3.570095287861057,3.5980508
3.5587747511334875,3.5818343
3.551457677525306,3.5775173
3.5686794878960058,3.5953395
3.5615843004746557,3.5861375
3.5670803972948217,3.5889854
3.5665413526242946,3.5909648
3.555110042450382,3.5787191
3.578727380926535,3.5963004
3.562336302118487,3.5825531
3.570095287861057,3.5908718
3.5587747511334875,3.5747793
3.551457677525306,3.571636
3.5686794878960058,3.5882325
3.5615843004746557,3.5794175
3.5670803972948217,3.5821192
3.5665413526242946,3.5850668
3.555110042450382,3.572746
3.578727380926535,3.5912738
3.562336302118487,3.5781739
3.570095287861057,3.5847688
3.5587747511334875,3.572371
3.551457677525306,3.5680487
3.5686794878960058,3.5838425
3.5615843004746557,3.5760102
3.5670803972948217,3.5800734
3.5665413526242946,3.581699
3.555110042450382,3.5701032
3.578727380926535,3.5900946
3.562336302118487,3.5760655
3.570095287861057,3.582918
3.5587747511334875,3.5713649
3.551457677525306,3.5663664
3.5686794878960058,3.5818024
3.5615843004746557,3.5748343
3.5670803972948217,3.5789816
3.5665413526242946,3.5806532
3.555110042450382,3.568432
3.578727380926535,3.5888734
3.562336302118487,3.5751016
3.570095287861057,3.5818079
3.5587747511334875,3.5700352
3.551457677525306,3.5651996
3.5686794878960058,3.5807407
3.5615843004746557,3.5738852
3.5670803972948217,3.5782185
3.5665413526242946,3.5795562
3.555110042450382,3.5675142
3.578727380926535,3.588355
3.562336302118487,3.5741796
3.570095287861057,3.5807364
3.5587747511334875,3.5693192
3.551457677525306,3.5643117
3.5686794878960058,3.5800064
3.5615843004746557,3.5729468
3.5670803972948217,3.5774415
3.5665413526242946,3.5786793
3.555110042450382,3.5667202
3.578727380926535,3.5879414
3.562336302118487,3.573543
3.570095287861057,3.5798821
3.5587747511334875,3.5686893
3.551457677525306,3.5635629
3.5686794878960058,3.5793285
3.5615843004746557,3.5722938
3.5670803972948217,3.5767262
3.5665413526242946,3.5779793
3.555110042450382,3.566039
3.578727380926535,3.5872273
3.562336302118487,3.5728247
3.570095287861057,3.5792782
3.5587747511334875,3.568068
3.551457677525306,3.5628355
3.5686794878960058,3.5786226
3.5615843004746557,3.5717328
3.5670803972948217,3.5760825
3.5665413526242946,3.5773394
3.555110042450382,3.5654113
3.578727380926535,3.5865798
3.562336302118487,3.572189
3.570095287861057,3.578696
3.5587747511334875,3.5674827
3.551457677525306,3.562172
3.5686794878960058,3.5779788
3.5615843004746557,3.5711234
3.5670803972948217,3.5754867
3.5665413526242946,3.5767133
3.555110042450382,3.5648105
3.578727380926535,3.586064
3.562336302118487,3.571577
3.570095287861057,3.578118
3.5587747511334875,3.5669434
3.551457677525306,3.5615563
3.5686794878960058,3.5773845
3.5615843004746557,3.570515
3.5670803972948217,3.5749485
3.5665413526242946,3.5761023
3.555110042450382,3.5642524
3.578727380926535,3.5855656
3.562336302118487,3.571007
3.570095287861057,3.5775871
3.5587747511334875,3.5663958
3.551457677525306,3.5609665
3.5686794878960058,3.5768216
3.5615843004746557,3.5699522
3.5670803972948217,3.5744371
3.5665413526242946,3.5755515
3.555110042450382,3.5637116
3.578727380926535,3.5850894
3.562336302118487,3.5704625
3.570095287861057,3.5770907
3.5587747511334875,3.5658832
3.551457677525306,3.5603993
3.5686794878960058,3.5762863
3.5615843004746557,3.5694282
3.5670803972948217,3.5739613
3.5665413526242946,3.5750165
3.555110042450382,3.5631921
3.578727380926535,3.584646
3.562336302118487,3.5699422
3.570095287861057,3.576611
3.5587747511334875,3.565414
3.551457677525306,3.559867
3.5686794878960058,3.5757825
3.5615843004746557,3.5689273
3.5670803972948217,3.5735028
3.5665413526242946,3.574511
3.555110042450382,3.5626976
3.578727380926535,3.5842226
3.562336302118487,3.5694618
3.570095287861057,3.576153
3.5587747511334875,3.564969
3.551457677525306,3.559364
3.5686794878960058,3.575308
3.5615843004746557,3.5684528
3.5670803972948217,3.5730696
3.5665413526242946,3.5740314
3.555110042450382,3.5622282
3.578727380926535,3.5838258
3.562336302118487,3.5690024
3.570095287861057,3.575722
3.5587747511334875,3.564546
3.551457677525306,3.5588844
3.5686794878960058,3.574861
3.5615843004746557,3.5680032
3.5670803972948217,3.5726626
3.5665413526242946,3.5735781
3.555110042450382,3.5617824
3.578727380926535,3.5834546
3.562336302118487,3.5685656
3.570095287861057,3.5753157
3.5587747511334875,3.564146
3.551457677525306,3.5584304
3.5686794878960058,3.5744376
3.5615843004746557,3.5675778
3.5670803972948217,3.5722773
3.5665413526242946,3.5731504
3.555110042450382,3.5613601
3.578727380926535,3.5831056
3.562336302118487,3.5681543
3.570095287861057,3.574932
3.5587747511334875,3.5637698
3.551457677525306,3.5580022
3.5686794878960058,3.5740368
3.5615843004746557,3.567175
3.5670803972948217,3.571914
3.5665413526242946,3.572746
3.555110042450382,3.560961
3.578727380926535,3.582777
3.562336302118487,3.567766
3.570095287861057,3.57457
3.5587747511334875,3.5634155
3.551457677525306,3.5575976
3.5686794878960058,3.5736582
3.5615843004746557,3.5667946
3.5670803972948217,3.571573
3.5665413526242946,3.572364
3.555110042450382,3.5605836
3.578727380926535,3.5824692
3.562336302118487,3.5673988
3.570095287861057,3.5742297
3.5587747511334875,3.5630827
3.551457677525306,3.5572147
3.5686794878960058,3.5733016
3.5615843004746557,3.566435
3.5670803972948217,3.5712519
3.5665413526242946,3.5720036
3.555110042450382,3.5602276
3.578727380926535,3.582181
3.562336302118487,3.5670524
3.570095287861057,3.5739093
3.5587747511334875,3.5627704
3.551457677525306,3.556853
3.5686794878960058,3.572964
3.5615843004746557,3.5660968
3.5670803972948217,3.5709493
3.5665413526242946,3.5716634
3.555110042450382,3.5598922
3.578727380926535,3.5819106
3.562336302118487,3.5667262
3.570095287861057,3.5736082
3.5587747511334875,3.5624774
3.551457677525306,3.5565116
3.5686794878960058,3.5726469
3.5615843004746557,3.5657773
3.5670803972948217,3.570666
3.5665413526242946,3.571343
3.555110042450382,3.5595758
3.578727380926535,3.5816586
3.562336302118487,3.5664184
3.570095287861057,3.5733259
3.5587747511334875,3.562202
3.551457677525306,3.5561895
3.5686794878960058,3.5723484
3.5615843004746557,3.5654767
3.5670803972948217,3.5704005
3.5665413526242946,3.5710413
3.555110042450382,3.559277
3.578727380926535,3.5814242
3.562336302118487,3.5661292
3.570095287861057,3.573061
3.5587747511334875,3.561945
3.551457677525306,3.5558863
3.5686794878960058,3.5720673
3.5615843004746557,3.5651937
3.5670803972948217,3.5701516
3.5665413526242946,3.5707579
3.555110042450382,3.5589962
3.578727380926535,3.5812054
3.562336302118487,3.5658574
3.570095287861057,3.5728126
3.5587747511334875,3.561704
3.551457677525306,3.5556004
3.5686794878960058,3.5718038
3.5615843004746557,3.5649273
3.5670803972948217,3.5699186
3.5665413526242946,3.570491
3.555110042450382,3.5587316
3.578727380926535,3.5810027
3.562336302118487,3.565602
3.570095287861057,3.5725806
3.5587747511334875,3.5614789
3.551457677525306,3.5553312
3.5686794878960058,3.5715566
3.5615843004746557,3.5646782
3.5670803972948217,3.5697007
3.5665413526242946,3.5702407
3.555110042450382,3.5584836
3.578727380926535,3.5808141
3.562336302118487,3.5653625
3.570095287861057,3.5723634
3.5587747511334875,3.5612695
3.551457677525306,3.555078
3.5686794878960058,3.5713246
3.5615843004746557,3.5644433
3.5670803972948217,3.5694976
3.5665413526242946,3.5700054
3.555110042450382,3.5582507
3.578727380926535,3.5806394
3.562336302118487,3.5651383
3.570095287861057,3.5721602
3.5587747511334875,3.5610735
3.551457677525306,3.5548406
3.5686794878960058,3.5711074
3.5615843004746557,3.5642238
3.5670803972948217,3.5693078
3.5665413526242946,3.5697858
3.555110042450382,3.5580325
3.578727380926535,3.5804782
3.562336302118487,3.564928
3.570095287861057,3.5719712
3.5587747511334875,3.5608919
3.551457677525306,3.5546176
3.5686794878960058,3.570904
3.5615843004746557,3.564018
3.5670803972948217,3.569131
3.5665413526242946,3.5695796
3.555110042450382,3.5578282
3.578727380926535,3.580329
3.562336302118487,3.564732
3.570095287861057,3.5717952
3.5587747511334875,3.5607226
3.551457677525306,3.5544078
3.5686794878960058,3.570714
3.5615843004746557,3.563825
3.5670803972948217,3.568967
3.5665413526242946,3.5693874
3.555110042450382,3.5576367
3.578727380926535,3.5801907
3.562336302118487,3.5645485
3.570095287861057,3.5716317
3.5587747511334875,3.5605657
3.551457677525306,3.554212
3.5686794878960058,3.5705366
3.5615843004746557,3.5636454
3.5670803972948217,3.568814
3.5665413526242946,3.569207
3.555110042450382,3.5574582
3.578727380926535,3.580064
3.562336302118487,3.5643778
3.570095287861057,3.5714798
3.5587747511334875,3.5604203
3.551457677525306,3.554028
3.5686794878960058,3.5703714
3.5615843004746557,3.5634773
3.5670803972948217,3.5686722
3.5665413526242946,3.5690393
3.555110042450382,3.5572915
3.578727380926535,3.5799465
3.562336302118487,3.5642176
3.570095287861057,3.5713387
3.5587747511334875,3.560286
3.551457677525306,3.5538561
3.5686794878960058,3.570218
3.5615843004746557,3.5633206
3.5670803972948217,3.5685406
3.5665413526242946,3.5688827
3.555110042450382,3.5571358
3.578727380926535,3.57984
3.562336302118487,3.5640683
3.570095287861057,3.5712078
3.5587747511334875,3.5601609
3.551457677525306,3.5536952
3.5686794878960058,3.5700746
3.5615843004746557,3.5631747
3.5670803972948217,3.5684192
3.5665413526242946,3.5687368
3.555110042450382,3.5569906
3.578727380926535,3.5797422
3.562336302118487,3.5639293
3.570095287861057,3.5710866
3.5587747511334875,3.5600452
3.551457677525306,3.5535445
3.5686794878960058,3.569941
3.5615843004746557,3.563039
3.5670803972948217,3.5683067
3.5665413526242946,3.5686016
3.555110042450382,3.5568554
3.578727380926535,3.5796516
3.562336302118487,3.5638
3.570095287861057,3.570974
3.5587747511334875,3.5599387
3.551457677525306,3.5534043
3.5686794878960058,3.5698173
3.5615843004746557,3.562913
3.5670803972948217,3.5682023
3.5665413526242946,3.568475
3.555110042450382,3.55673
3.578727380926535,3.5795696
3.562336302118487,3.5636802
3.570095287861057,3.5708704
3.5587747511334875,3.5598397
3.551457677525306,3.5532734
3.5686794878960058,3.5697017
3.5615843004746557,3.5627954
3.5670803972948217,3.5681071
3.5665413526242946,3.5683577
3.555110042450382,3.5566132
3.578727380926535,3.579495
3.562336302118487,3.5635684
3.570095287861057,3.5707746
3.5587747511334875,3.5597496
3.551457677525306,3.5531516
3.5686794878960058,3.5695953
3.5615843004746557,3.5626853
3.5670803972948217,3.5680196
3.5665413526242946,3.5682485
3.555110042450382,3.556505
3.578727380926535,3.5794272
3.562336302118487,3.5634644
3.570095287861057,3.5706863
3.5587747511334875,3.5596664
3.551457677525306,3.5530374
3.5686794878960058,3.5694964
3.5615843004746557,3.562584
3.5670803972948217,3.5679386
3.5665413526242946,3.5681472
3.555110042450382,3.5564034
3.578727380926535,3.5793664
3.562336302118487,3.563368
3.570095287861057,3.570605
3.5587747511334875,3.5595906
3.551457677525306,3.5529313
3.5686794878960058,3.5694046
3.5615843004746557,3.5624897
3.5670803972948217,3.567865
3.5665413526242946,3.5680528
3.555110042450382,3.5563097
3.578727380926535,3.5793114
3.562336302118487,3.563279
3.570095287861057,3.5705302
3.5587747511334875,3.5595202
3.551457677525306,3.5528321
3.5686794878960058,3.5693202
3.5615843004746557,3.5624022
3.5670803972948217,3.5677977
3.5665413526242946,3.5679648
3.555110042450382,3.5562227
3.578727380926535,3.5792618
3.562336302118487,3.5631962
3.570095287861057,3.570461
3.5587747511334875,3.559457
3.551457677525306,3.5527403
3.5686794878960058,3.5692418
3.5615843004746557,3.5623212
3.5670803972948217,3.567736
3.5665413526242946,3.5678835
3.555110042450382,3.5561426
3.578727380926535,3.5792177
3.562336302118487,3.56312
3.570095287861057,3.5703976
3.5587747511334875,3.5593996
3.551457677525306,3.5526543
3.5686794878960058,3.5691695
3.5615843004746557,3.5622468
3.5670803972948217,3.5676794
3.5665413526242946,3.567808
3.555110042450382,3.5560684
3.578727380926535,3.5791774
3.562336302118487,3.5630493
3.570095287861057,3.570339
3.5587747511334875,3.5593464
3.551457677525306,3.552575
3.5686794878960058,3.5691023
3.5615843004746557,3.5621774
3.5670803972948217,3.5676281
3.5665413526242946,3.5677378
3.555110042450382,3.5559993
3.578727380926535,3.579142
3.562336302118487,3.5629845
3.570095287861057,3.570285
3.5587747511334875,3.559298
3.551457677525306,3.5525005
3.5686794878960058,3.5690405
3.5615843004746557,3.5621138
3.5670803972948217,3.5675805
3.5665413526242946,3.567673
3.555110042450382,3.5559356
3.578727380926535,3.5791106
3.562336302118487,3.562924
3.570095287861057,3.570236
3.5587747511334875,3.559254
3.551457677525306,3.5524313
3.5686794878960058,3.5689836
3.5615843004746557,3.562055
3.5670803972948217,3.5675378
3.5665413526242946,3.567614
3.555110042450382,3.555877
3.578727380926535,3.579082
3.562336302118487,3.5628688
3.570095287861057,3.5701907
3.5587747511334875,3.559214
3.551457677525306,3.5523677
3.5686794878960058,3.5689309
3.5615843004746557,3.5620008
3.5670803972948217,3.5674984
3.5665413526242946,3.567559
3.555110042450382,3.555823
3.578727380926535,3.5790577
3.562336302118487,3.5628169
3.570095287861057,3.5701492
3.5587747511334875,3.5591774
3.551457677525306,3.5523078
3.5686794878960058,3.568882
3.5615843004746557,3.5619507
3.5670803972948217,3.5674636
3.5665413526242946,3.5675082
3.555110042450382,3.555773
3.578727380926535,3.5790362
3.562336302118487,3.5627694
3.570095287861057,3.5701118
3.5587747511334875,3.5591443
3.551457677525306,3.552253
3.5686794878960058,3.568838
3.5615843004746557,3.5619047
3.5670803972948217,3.567431
3.5665413526242946,3.5674613
3.555110042450382,3.5557265
3.578727380926535,3.5790172
3.562336302118487,3.562727
3.570095287861057,3.5700777
3.5587747511334875,3.5591145
3.551457677525306,3.5522022
3.5686794878960058,3.5687969
3.5615843004746557,3.5618625
3.5670803972948217,3.567402
3.5665413526242946,3.5674179
3.555110042450382,3.5556836
3.578727380926535,3.5790017
3.562336302118487,3.562686
3.570095287861057,3.570047
3.5587747511334875,3.5590875
3.551457677525306,3.5521555
3.5686794878960058,3.5687594
3.5615843004746557,3.5618231
3.5670803972948217,3.567376
3.5665413526242946,3.567378
3.555110042450382,3.555644
3.578727380926535,3.5789878
3.562336302118487,3.5626497
3.570095287861057,3.5700188
3.5587747511334875,3.559063
3.551457677525306,3.5521126
3.5686794878960058,3.5687253
3.5615843004746557,3.5617867
3.5670803972948217,3.5673523
3.5665413526242946,3.5673406
3.555110042450382,3.5556073
3.578727380926535,3.5789766
3.562336302118487,3.5626156
3.570095287861057,3.5699937
3.5587747511334875,3.5590398
3.551457677525306,3.5520718
3.5686794878960058,3.5686936
3.5615843004746557,3.5617523
3.5670803972948217,3.5673316
3.5665413526242946,3.5673077
3.555110042450382,3.555574
3.578727380926535,3.578968
3.562336302118487,3.5625856
3.570095287861057,3.569971
3.5587747511334875,3.5590203
3.551457677525306,3.552035
3.5686794878960058,3.568664
3.5615843004746557,3.5617218
3.5670803972948217,3.5673144
3.5665413526242946,3.567275
3.555110042450382,3.5555437
3.578727380926535,3.5789595
3.562336302118487,3.5625563
3.570095287861057,3.5699508
3.5587747511334875,3.559002
3.551457677525306,3.5520015
3.5686794878960058,3.5686376
3.5615843004746557,3.5616934
3.5670803972948217,3.567297
3.5665413526242946,3.5672476
3.555110042450382,3.5555155
3.578727380926535,3.5789528
3.562336302118487,3.5625305
3.570095287861057,3.569932
3.5587747511334875,3.5589864
3.551457677525306,3.5519695
3.5686794878960058,3.5686128
3.5615843004746557,3.5616677
3.5670803972948217,3.567282
3.5665413526242946,3.5672214
3.555110042450382,3.5554907
3.578727380926535,3.5789468
3.562336302118487,3.5625055
3.570095287861057,3.5699148
3.5587747511334875,3.558972
3.551457677525306,3.5519407
3.5686794878960058,3.5685902
3.5615843004746557,3.561644
3.5670803972948217,3.5672688
3.5665413526242946,3.5671961
3.555110042450382,3.555468
3.578727380926535,3.5789413
3.562336302118487,3.5624828
3.570095287861057,3.5699
3.5587747511334875,3.5589578
3.551457677525306,3.5519128
3.5686794878960058,3.5685704
3.5615843004746557,3.5616226
3.5670803972948217,3.567255
3.5665413526242946,3.5671759
3.555110042450382,3.5554461
3.578727380926535,3.5789387
3.562336302118487,3.5624638
3.570095287861057,3.569886
3.5587747511334875,3.5589468
3.551457677525306,3.5518882
3.5686794878960058,3.5685515
3.5615843004746557,3.5616028
3.5670803972948217,3.5672452
3.5665413526242946,3.5671532
3.555110042450382,3.5554266
3.578727380926535,3.5789363
3.562336302118487,3.5624444
3.570095287861057,3.5698726
3.5587747511334875,3.5589368
3.551457677525306,3.5518653
3.5686794878960058,3.5685344
3.5615843004746557,3.5615845
3.5670803972948217,3.5672352
3.5665413526242946,3.567135
3.555110042450382,3.5554085
3.578727380926535,3.5789347
3.562336302118487,3.5624282
3.570095287861057,3.5698605
3.5587747511334875,3.558928
3.551457677525306,3.551843
3.5686794878960058,3.5685186
3.5615843004746557,3.561568
3.5670803972948217,3.5672266
3.5665413526242946,3.5671172
3.555110042450382,3.5553935
3.578727380926535,3.5789335
3.562336302118487,3.562412
3.570095287861057,3.5698495
3.5587747511334875,3.55892
3.551457677525306,3.5518222
3.5686794878960058,3.5685043
3.5615843004746557,3.5615532
3.5670803972948217,3.5672193
3.5665413526242946,3.5671012
3.555110042450382,3.5553794
3.578727380926535,3.5789328
3.562336302118487,3.5623968
3.570095287861057,3.5698395
3.5587747511334875,3.558913
3.551457677525306,3.5518026
3.5686794878960058,3.5684915
3.5615843004746557,3.5615394
3.5670803972948217,3.5672116
3.5665413526242946,3.5670874
3.555110042450382,3.5553656
3.578727380926535,3.5789335
3.562336302118487,3.562384
3.570095287861057,3.5698304
3.5587747511334875,3.5589075
3.551457677525306,3.5517852
3.5686794878960058,3.5684793
3.5615843004746557,3.5615282
3.5670803972948217,3.5672061
3.5665413526242946,3.567072
3.555110042450382,3.5553539
3.578727380926535,3.578934
3.562336302118487,3.5623715
3.570095287861057,3.5698225
3.5587747511334875,3.5589023
3.551457677525306,3.5517688
3.5686794878960058,3.5684688
3.5615843004746557,3.5615165
3.5670803972948217,3.5671992
3.5665413526242946,3.567061
3.555110042450382,3.5553405
3.578727380926535,3.5789356
3.562336302118487,3.5623617
3.570095287861057,3.5698152
3.5587747511334875,3.5588984
3.551457677525306,3.5517547
3.5686794878960058,3.5684586
3.5615843004746557,3.5615067
3.5670803972948217,3.5671954
3.5665413526242946,3.5670474
3.555110042450382,3.5553298
3.578727380926535,3.5789375
3.562336302118487,3.5623515
3.570095287861057,3.5698094
3.5587747511334875,3.5588946
3.551457677525306,3.5517414
3.5686794878960058,3.5684495
3.5615843004746557,3.5614977
3.5670803972948217,3.56719
3.5665413526242946,3.567037
3.555110042450382,3.5553188
3.578727380926535,3.57894
3.562336302118487,3.562343
3.570095287861057,3.569804
3.5587747511334875,3.5588918
3.551457677525306,3.551729
3.5686794878960058,3.568442
3.5615843004746557,3.561489
3.5670803972948217,3.5671864
3.5665413526242946,3.5670261
3.555110042450382,3.5553093
3.578727380926535,3.5789425
3.562336302118487,3.5623336
3.570095287861057,3.5697992
3.5587747511334875,3.558888
3.551457677525306,3.5517168
3.5686794878960058,3.5684347
3.5615843004746557,3.5614817
3.5670803972948217,3.5671833
3.5665413526242946,3.5670176
3.555110042450382,3.5553007
3.578727380926535,3.5789454
3.562336302118487,3.5623267
3.570095287861057,3.5697944
3.5587747511334875,3.558885
3.551457677525306,3.5517058
3.5686794878960058,3.568428
3.5615843004746557,3.5614746
3.5670803972948217,3.5671809
3.5665413526242946,3.567009
3.555110042450382,3.555293
3.578727380926535,3.578948
3.562336302118487,3.562319
3.570095287861057,3.5697906
3.5587747511334875,3.5588827
3.551457677525306,3.551696
3.5686794878960058,3.5684223
3.5615843004746557,3.5614688
3.5670803972948217,3.567179
3.5665413526242946,3.567001
3.555110042450382,3.5552852
3.578727380926535,3.5789511
3.562336302118487,3.5623128
3.570095287861057,3.5697868
3.5587747511334875,3.5588806
3.551457677525306,3.5516863
3.5686794878960058,3.568417
3.5615843004746557,3.5614629
3.5670803972948217,3.5671766
3.5665413526242946,3.5669944
3.555110042450382,3.555278
3.578727380926535,3.5789547
3.562336302118487,3.5623066
3.570095287861057,3.5697837
3.5587747511334875,3.558879
3.551457677525306,3.5516777
3.5686794878960058,3.568412
3.5615843004746557,3.5614574
3.5670803972948217,3.567175
3.5665413526242946,3.5669882
3.555110042450382,3.5552719
3.578727380926535,3.5789573
3.562336302118487,3.5623012
3.570095287861057,3.5697803
3.5587747511334875,3.5588772
3.551457677525306,3.5516696
3.5686794878960058,3.5684083
3.5615843004746557,3.561453
3.5670803972948217,3.5671735
3.5665413526242946,3.566982
3.555110042450382,3.5552664
3.578727380926535,3.5789595
3.562336302118487,3.5622964
3.570095287861057,3.5697782
3.5587747511334875,3.5588765
3.551457677525306,3.5516624
3.5686794878960058,3.568404
3.5615843004746557,3.5614483
3.5670803972948217,3.567171
3.5665413526242946,3.5669773
3.555110042450382,3.555261
3.578727380926535,3.5789633
3.562336302118487,3.5622914
3.570095287861057,3.5697758
3.5587747511334875,3.5588753
3.551457677525306,3.5516555
3.5686794878960058,3.5684
3.5615843004746557,3.561445
3.5670803972948217,3.56717
3.5665413526242946,3.5669718
3.555110042450382,3.5552566
3.578727380926535,3.578966
3.562336302118487,3.562287
3.570095287861057,3.5697734
3.5587747511334875,3.5588746
3.551457677525306,3.5516493
3.5686794878960058,3.5683968
3.5615843004746557,3.5614414
3.5670803972948217,3.5671685
3.5665413526242946,3.566968
3.555110042450382,3.5552518
3.578727380926535,3.5789695
3.562336302118487,3.5622835
3.570095287861057,3.569771
3.5587747511334875,3.5588741
3.551457677525306,3.551643
3.5686794878960058,3.5683937
3.5615843004746557,3.5614386
3.5670803972948217,3.567168
3.5665413526242946,3.5669625
3.555110042450382,3.5552485
3.578727380926535,3.5789723
3.562336302118487,3.5622797
3.570095287861057,3.5697696
3.5587747511334875,3.5588734
3.551457677525306,3.5516367
3.5686794878960058,3.568391
3.5615843004746557,3.5614355
3.5670803972948217,3.5671656
3.5665413526242946,3.56696
3.555110042450382,3.5552444
3.578727380926535,3.578975
3.562336302118487,3.5622766
3.570095287861057,3.5697675
3.5587747511334875,3.558874
3.551457677525306,3.5516312
3.5686794878960058,3.5683887
3.5615843004746557,3.5614336
3.5670803972948217,3.5671656
3.5665413526242946,3.566955
3.555110042450382,3.5552413
3.578727380926535,3.578978
3.562336302118487,3.5622735
3.570095287861057,3.569766
3.5587747511334875,3.5588727
3.551457677525306,3.5516257
3.5686794878960058,3.5683868
3.5615843004746557,3.5614312
3.5670803972948217,3.567164
3.5665413526242946,3.5669532
3.555110042450382,3.555238
3.578727380926535,3.5789812
3.562336302118487,3.5622704
3.570095287861057,3.5697649
3.5587747511334875,3.5588734
3.551457677525306,3.5516212
3.5686794878960058,3.5683844
3.5615843004746557,3.5614297
3.5670803972948217,3.5671637
3.5665413526242946,3.5669484
3.555110042450382,3.5552363
3.578727380926535,3.5789828
3.562336302118487,3.5622673
3.570095287861057,3.5697637
3.5587747511334875,3.5588727
3.551457677525306,3.5516157
3.5686794878960058,3.5683832
3.5615843004746557,3.561428
3.5670803972948217,3.5671608
3.5665413526242946,3.566946
3.555110042450382,3.5552335
3.578727380926535,3.578986
3.562336302118487,3.5622652
3.570095287861057,3.569762
3.5587747511334875,3.5588727
3.551457677525306,3.5516105
3.5686794878960058,3.5683813
3.5615843004746557,3.5614266
3.5670803972948217,3.5671606
3.5665413526242946,3.566943
3.555110042450382,3.555232
3.578727380926535,3.5789883
3.562336302118487,3.5622618
3.570095287861057,3.569761
3.5587747511334875,3.5588722
3.551457677525306,3.5516062
3.5686794878960058,3.568379
3.5615843004746557,3.5614254
3.5670803972948217,3.5671597
3.5665413526242946,3.5669405
3.555110042450382,3.5552301
3.578727380926535,3.5789914
3.562336302118487,3.5622602
3.570095287861057,3.56976
3.5587747511334875,3.558872
3.551457677525306,3.551602
3.5686794878960058,3.5683765
3.5615843004746557,3.5614243
3.5670803972948217,3.567159
3.5665413526242946,3.566939
3.555110042450382,3.5552278
3.578727380926535,3.5789933
3.562336302118487,3.5622575
3.570095287861057,3.569759
3.5587747511334875,3.5588727
3.551457677525306,3.551598
3.5686794878960058,3.5683758
3.5615843004746557,3.5614235
3.5670803972948217,3.5671577
3.5665413526242946,3.5669367
3.555110042450382,3.5552266
3.578727380926535,3.5789962
3.562336302118487,3.5622566
3.570095287861057,3.5697577
3.5587747511334875,3.558872
3.551457677525306,3.5515933
3.5686794878960058,3.5683742
3.5615843004746557,3.5614226
3.5670803972948217,3.567157
3.5665413526242946,3.5669348
3.555110042450382,3.555225
3.578727380926535,3.5789983
3.562336302118487,3.562254
3.570095287861057,3.5697563
3.5587747511334875,3.558872
3.551457677525306,3.5515902
3.5686794878960058,3.5683727
3.5615843004746557,3.5614219
3.5670803972948217,3.5671554
3.5665413526242946,3.5669332
3.555110042450382,3.555223
3.578727380926535,3.5790005
3.562336302118487,3.5622528
3.570095287861057,3.5697563
3.5587747511334875,3.5588722
3.551457677525306,3.5515876
3.5686794878960058,3.5683708
3.5615843004746557,3.5614219
3.5670803972948217,3.5671546
3.5665413526242946,3.566932
3.555110042450382,3.5552216
3.578727380926535,3.5790017
3.562336302118487,3.5622509
3.570095287861057,3.5697556
3.5587747511334875,3.5588727
3.551457677525306,3.5515847
3.5686794878960058,3.5683687
3.5615843004746557,3.5614219
3.5670803972948217,3.567154
3.5665413526242946,3.5669305
3.555110042450382,3.5552206
3.578727380926535,3.5790026
3.562336302118487,3.5622492
3.570095287861057,3.5697546
3.5587747511334875,3.5588722
3.551457677525306,3.551581
3.5686794878960058,3.5683684
3.5615843004746557,3.5614219
3.5670803972948217,3.5671532
3.5665413526242946,3.5669286
3.555110042450382,3.5552204
3.578727380926535,3.5790043
3.562336302118487,3.5622485
3.570095287861057,3.5697532
3.5587747511334875,3.558872
3.551457677525306,3.5515769
3.5686794878960058,3.5683675
3.5615843004746557,3.5614214
3.5670803972948217,3.5671523
3.5665413526242946,3.5669274
3.555110042450382,3.5552197
3.578727380926535,3.5790055
3.562336302118487,3.5622468
3.570095287861057,3.5697525
3.5587747511334875,3.558873
3.551457677525306,3.5515742
3.5686794878960058,3.5683663
3.5615843004746557,3.5614214
3.5670803972948217,3.5671523
3.5665413526242946,3.5669258
3.555110042450382,3.5552192
3.578727380926535,3.5790074
3.562336302118487,3.5622468
3.570095287861057,3.5697508
3.5587747511334875,3.558872
3.551457677525306,3.5515707
3.5686794878960058,3.5683656
3.5615843004746557,3.5614212
3.5670803972948217,3.5671523
3.5665413526242946,3.566925
3.555110042450382,3.555218
3.578727380926535,3.5790093
3.562336302118487,3.5622442
3.570095287861057,3.5697503
3.5587747511334875,3.558873
3.551457677525306,3.5515687
3.5686794878960058,3.5683641
3.5615843004746557,3.5614212
3.5670803972948217,3.5671523
3.5665413526242946,3.5669234
3.555110042450382,3.5552163
3.578727380926535,3.5790102
3.562336302118487,3.5622437
3.570095287861057,3.569749
3.5587747511334875,3.558873
3.551457677525306,3.5515668
3.5686794878960058,3.568363
3.5615843004746557,3.5614212
3.5670803972948217,3.567152
3.5665413526242946,3.5669227
3.555110042450382,3.5552156
3.578727380926535,3.5790105
3.562336302118487,3.5622423
3.570095287861057,3.569749
3.5587747511334875,3.5588734
3.551457677525306,3.5515645
3.5686794878960058,3.5683625
3.5615843004746557,3.5614212
3.5670803972948217,3.5671515
3.5665413526242946,3.5669215
3.555110042450382,3.555216
3.578727380926535,3.5790117
3.562336302118487,3.5622418
3.570095287861057,3.5697482
3.5587747511334875,3.5588734
3.551457677525306,3.5515618
3.5686794878960058,3.5683625
